MAC--11---,MACC-12---
MACLV11---,MACLV12---
MACLV11G--,MACLV12G--
MADD-09---,MTDRF10---
MADER09---,MTEAR10---,MTROB11---,MTROB12---
MADFS09---,MFOOD10---
MADGE09D--,MTEXP10D--,YMIS-1DD--,YMIS-2DD--
MADIT09---,MWBDV10---
MADW-09---,MWWK-10---,MWWK-11---,MWWK-12---
MAE--09---,MVAST10---
MAE--09---,MVAST10---
MCMPR11---,MCMPR12---
MCSTU10---,MDMD-12D--,MDCOM11C--
MDCF-10---,MDCF-11---,MDCF-12---,MDNC-09F--
MDNC-09H--,MDNCN11---,MDNCN12---,MIDS-0B---
MDNC-09PT-,MDNTP10---,MDNTP11---,MDNTP12---
MDR--09---,MDRM-10---
MDRM-10---,MDRM-11---,MDRM-12---
MDRM-11---,MDRM-12---
MFOOD11---,MFOOD12---
MFTCD11---,MFTCD12---
MIMCB11--L,MIMCB12--L
MIMG-11---,MIMG-12---,MMUGT10---
MMACS11---,MMACS12---
MMEDD10---,MMEDD11---,MMEDD12---
MMUCB10--L,MPHED10B-L
MMUCB10--L,MPHED10G-L
MODED11---,MODED12---,YPR--0BX--
MPHE-09---,MPHED10---
MPHE-09B--,MPHED10B--
MPHE-09G--,MPHED10G--
MPHE-09Y--,YPA--0CX--,YPA--1CX--,YPA--2CX--
MSP--09---,MSP--10---
MSP--11---,MSP--12---
MSPLG10--L,YESFL0AX--
MTAUT11---,MTAUT12---,MTEAD12---
MTDRF12---,MADD-09---,MTDRF10---,MTDRF11---
MTPOW10---,XLDCB09M--
MVAPH10---,MVAPH11---,MVAPH12---
MVAST11---,MVAST12---
XBA--09B-L,XBA--09C-L
XBA--09B-L,XBA--09C-L,MPHE-09B-L
XBA--09B-L,XBA--09C-L,MPHE-09G-L